3-important-things-you-can-learn-your-mum,3-important-things-you-can-learn-your-mum
3-ways-politely-turn-down-advances-boys,3-ways-politely-turn-down-advances-boys
4-easy-ways-stop-body-odour,4-easy-ways-stop-body-odour
4-ways-be-role-model-your-community,4-ways-be-role-model-your-community
5-affordable-gifts-mothers-day,5-affordable-gifts-mothers-day
5-funny-nigerian-health-myths,5-funny-nigerian-health-myths
5-myths-about-boys,5-myths-about-boys
5-myths-about-pregnancy,5-myths-about-pregnancy
5-steps-turn-pastime-profit,5-steps-turn-pastime-profit
5-ways-make-sure-you-dont-get-stained,5-ways-make-sure-you-dont-get-stained
500-girls-shared-their-dreams,500-girls-shared-their-dreams
a-girl-is-not-meant-to-be-the-slave,a-girl-is-not-meant-to-be-the-slave
a-mother-at-16,a-mother-at-16
advice-about-your-period-you-can-ignore,advice-about-your-period-you-can-ignore
alone-and-suffering,alone-and-suffering
are-you-being-treated-badly,are-you-being-treated-badly
are-you-in-a-bad-crowd,are-you-in-a-bad-crowd
are-you-ready-big-p,are-you-ready-big-p
are-you-struggling-to-find-direction,are-you-struggling-to-find-direction
are-your-friends-bad-for-you,are-your-friends-bad-for-you
assaults-shootings-happen-here,assaults-shootings-happen-here
be-healthy-be-happy,be-healthy-be-happy
be-the-best-to-your-bestie,be-the-best-to-your-bestie
beat-the-stress,beat-the-stress
big-girls-do-cry,big-girls-do-cry
blood-thicker-water,blood-thicker-water
cant-find-work,cant-find-work
dear-mr-president,dear-mr-president
do-you-have-dreams,do-you-have-dreams
dos-and-donts-deal-pimples,dos-and-donts-deal-pimples
easy-tricks-to-save,easy-tricks-to-save
food-for-lots-of-thought,food-for-lots-of-thought
funny-period-stories,funny-period-stories
get-a-great-career,get-a-great-career
get-ahead-in-life-find-a-mentor,get-ahead-in-life-find-a-mentor
get-moving-be-happy,get-moving-be-happy
growing-not-apart,growing-not-apart
have-you-started-menstruating,have-you-started-menstruating
healthy-at-home,healthy-at-home
healthy-food-rulz,healthy-food-rulz
hey-you-natural-beauty,hey-you-natural-beauty
hobby,hobby
how-be-strong-and-powerful,how-be-strong-and-powerful
how-do-you-say-no,how-do-you-say-no
how-i-learnt-trade-my-mother,how-i-learnt-trade-my-mother
how-i-turned-my-free-time-fun-time,how-i-turned-my-free-time-fun-time
how-to-avoid-getting-sick,how-to-avoid-getting-sick
how-to-enjoy-your-period,how-to-enjoy-your-period
how-to-make-money-and-have-fun-too,how-to-make-money-and-have-fun-too
how-to-save-with-a-friend,how-to-save-with-a-friend
i-am-chasing-my-dreams,i-am-chasing-my-dreams
i-am-special-i-am-me,i-am-special-i-am-me
i-brought-light-to-my-whole-village,i-brought-light-to-my-whole-village
i-have-big-dreams-for-my-future,i-have-big-dreams-for-my-future
i-have-no-parents,i-have-no-parents
i-was-a-popular-girl,i-was-a-popular-girl
i-was-shamed-at-school,i-was-shamed-at-school
it-okay-have-sponsors,it-okay-have-sponsors
joanna-was-sold-for-money,joanna-was-sold-for-money
keep-him-friend-zone-minus-drama,keep-him-friend-zone-minus-drama
keep-yourself-safe,keep-yourself-safe
learn-laugh-yourself,learn-laugh-yourself
life-kept-getting-worse,life-kept-getting-worse
look-in-the-mirror,look-in-the-mirror
make-great-friendships-in-the-real-world,make-great-friendships-in-the-real-world
make-your-community-safe,make-your-community-safe
mum-guess-what,mum-guess-what
mummy-love,mummy-love
my-best-friend-is-sick,my-best-friend-is-sick
my-life-had-no-direction,my-life-had-no-direction
my-mentor-changed-my-life,my-mentor-changed-my-life
my-skins-gone-crazy,my-skins-gone-crazy
portias-story-an-old-family-remedy-helped-me-start-a-business,portias-story-an-old-family-remedy-helped-me-start-a-business
questions-ask-mama-about-menstruation,questions-ask-mama-about-menstruation
raise-your-hand,raise-your-hand
ready-set-learn,ready-set-learn
scared-and-stuck-at-home,scared-and-stuck-at-home
should-i-meet-someone-i-met-online,should-i-meet-someone-i-met-online
spam-scams-viruses-what-are-they,spam-scams-viruses-what-are-they
start-a-business-with-little-or-no-cash,start-a-business-with-little-or-no-cash
staying-safe-online,staying-safe-online
the-girl-declaration,the-girl-declaration
these-10-tips-help-girls,these-10-tips-help-girls
things-you-werent-taught-school,things-you-werent-taught-school
those-boys-corner,those-boys-corner
three-important-things-you-wont-learn-at-school,three-important-things-you-wont-learn-at-school
tick-tock-tick-tock-why-my-biological-clock-so-messed,tick-tock-tick-tock-why-my-biological-clock-so-messed
tips-to-rock-your-resume,tips-to-rock-your-resume
too-many-selfies-yes-or-no,too-many-selfies-yes-or-no
we-make-the-world-better,we-make-the-world-better
what-happening-my-belly,what-happening-my-belly
what-is-puberty,what-is-puberty
whats-happening-to-my-body,whats-happening-to-my-body
whats-the-best-job-for-you,whats-the-best-job-for-you
when-girls-speak-out,when-girls-speak-out
when-it-okay-get-married,when-it-okay-get-married
whose-path-should-i-choose,whose-path-should-i-choose
why-should-i-save,why-should-i-save
why-study-hard,why-study-hard
write-a-good-resume,write-a-good-resume
you-can-be-great-with-money,you-can-be-great-with-money
you-have-a-right-to-learn,you-have-a-right-to-learn
your-guide-to-saving,your-guide-to-saving
your-mum-can-be-your-best-friend,your-mum-can-be-your-best-friend