1-gig-30-days,1gig30daysl
addiction-and-friendships,addictionandfriendshipsl
alcohol-dololo,alcoholdololol
alone-and-suffering,aloneandsufferingl
amandla-youve-got-power,amandlayouvegotthepowerl
are-you-ready-date,areyoureadytodatel
are-you-struggling-to-find-direction,areyoustrugglingtofinddirectionl
be-the-best-to-your-bestie,bethebesttoyourbestiel
beat-exam-stress,beatexamstressl
beat-the-stress,beatthestressl
being-hiv-not-end-world,beinghivisnottheendoftheworldl
birds-and-bees,thebirdsandthebeesl
boss-lady-15,bossladyat15l
bye-felicia,byefelicial
cant-find-work,cantfindworkl
day-life-dj-during-festive-season,adayinalifeofadjduringthefestiveseasonl
dear-mr-president,dearmrpresidentl
defining-you,definingyoul
depression-sucks,depressionsucksl
do-you-boo,doyoubool
do-you-feel-alone-in-the-world,doyoufeelaloneintheworldl
domestic-goddess,domesticgoddessl
dull-wow,fromdulltowowl
fake-it-till-you-make-it,fakeittillyoumakeitl
finish-what-you-start-harder-better-and-faster-way,finishwhatyoustarttheharderbetterfasterwayl
food-for-lots-of-thought,foodforlotsofthoughtsl
friend-zone-baeville,fromfriendzonetobaevillel
fun-and-flexi-side-hustles,funandflexisidehustlesl
get-ahead-in-life-find-a-mentor,getaheadinlifefindamentorl
get-new-year-great-start,getthenewyearofftoagreatstartl
getting-art-matter,gettingtotheartofthematterl
getting-crafty,gettingcraftyl
girl-talk,girltalkl
girls-are-learning-around-the-world,girlsarelearningaroundtheworldl
goals,goalsl
good-hair-dont-care,goodhairdontcarel
growing-your-money,growingyourmoneyl
he-loves-me-he-loves-me-not,helovesmehelovesmenotl
he-ready-im-not,heisreadyiamnotl
head-class,headoftheclassl
healthy-at-home,healthyathomel
healthy-choices-happy-body,healthychoiceshappybodyl
healthy-food-rulz,healthyfoodrulzl
hey-you-natural-beauty,heyyounaturalbeautyl
how-to-avoid-getting-sick,howtoavoidgettingsickl
how-to-make-money-and-have-fun-too,howtomakemoneyandhavefuntool
i-am-chasing-my-dreams,iamchasingmydreamsl
i-brought-light-to-my-whole-village,ibroughtlighttomywholevillagel
its-not-you-its-me,itsnotyouitsmel
junkfoodout,junkfoodisoutl
ke-december-bossbe-streetwise,kedecemberbossbestreetwisel
kiss-and-makeup,kissandmakeupl
lets-talk-about-sex-babe,letstalkaboutsexbabel
life-kept-getting-worse,lifekeptgettingworsel
look-fab-less,lookfabforlessl
look-in-the-mirror,lookinthemirrorl
love-inspiration,loveinspirationl
love-letter-myself,alovelettertomyselfl
make-great-friendships-in-the-real-world,makegreatfriendshipsintherealworldl
miss-money-maker,missmoneymakerl
momstheword,momsthewordl
my-best-friend-is-sick,mybestfriendissickl
my-first-festive-season-mom,myfirstfestiveseasonasamoml
my-phone-my-teacher,myphonemyteacherl
no-means-no,nomeansnol
normal-boring,normalisboringl
noshame,noshamel
power-you,thepowerofatyoul
raise-your-hand,raiseyourhandl
relationship-goals-me-and-mom,relationshipgoalsmeandmoml
safetyfirst,safetyfirstl
saving-gives-me-freedom,savinggivesmefreedoml
say-something-or-die-trying,saysomethingordietryingl
scam-alert,scamalertl
skeem-saam,skeemsaaml
so-condom-broke,sothecondombrokewhatnowl
staying-safe-down-there-part-1,stayingsafedowntherepart1l
these-5-tips-help-girls,these5tipshelpgirlsl
three-important-things-you-wont-learn-at-school,threeimportantthingsyouwontlearnatschooll
time-peer-pressure-was-good-me,thetimepeerpressurewasgoodformel
we-make-the-world-better,wemaketheworldbetterl
when-girls-speak-out,whengirlsspeakoutl
why-study-hard,whystudyhardl
winning,winningl
you-can-be-great-with-money,youcanbegreatwithmoneyl
your-guide-to-saving,yourguidetosavingl
your-mentor-your-pocket,yourmentorinyourpocketl
your-winning-story,babydaddydramal