-entrepreneur-series-article-2,125_Entrepreneurship02_featured
-the-art-of-letting-go,120-TheArtofLettingGo_featured
10-tips-to-help-girls-become-leaders,10-Tips-to-Help-Girls-Become-Leaders_featured
3-sikap-santun-saat-teman-berpuasa,3WaystoBeTheCoolFriendDuringRamadhan-Header_featured
3-situs-belajar-coding,524_3sitestolearncoding
4-keraguan-yang-harus-dijawab-sebelum-ketemuan-sama-teman-internet,176_4WhatIfsWhenPlanningAFirstDateWithYourInternetFriend_featured
4-kiat-tetap-segar-saat-berpuasa,4WaystoStayFreshDuringRamadhan-Header_featured
4-obat-patah-hati-ala-cewekeren,Breakupheader_featured
4-website-wajib-buat-kamu-yang-pengen-kerja,WhatisPaketC?!_Feature
4-youtube-channel-yang-bisa-bikin-kamu-makin-pintar,4YoutubeChanneltoExpandYourBrain_featured
4usefultrickstoaceyourexams,4UsefulTricksToAceYourExams_featured
5-all-natural--and-cheap--beauty-products-in-your-kitchen,5AllNaturalandCheapBeautyProductsinYourKitchen_featured
5-aplikasi-yang-bisa-bantu-kamu-mencapai-resolusi-tahun-baru,Apps-For-New-Year_featured
5-cara-mengurangi-stres-saat-ujian,5WaystoTackleStressDuringExams_featured
5-makanan-sehat-yang-baik-dikonsumsi-saat-ujian,5BrainFoodstoEatDuringExamWeek_featured
5-quotes-kartini-yang-akan-membuka-pikiranmu,5MotivationalQuotesbyKartini_Feature
5-tahap-tuk-bilang-bye-ke-masa-lalumu,5StepstoKissGoodbyetoYourPast_featured
5-trik-untuk-memulai-percakapan-dengan-orang-baru,5TrickstoStartAConversation_featured
500-girls-shared-their-dreams,500-Girls-Shared-Their-Dreams_featured
6-pertanyaan-penting-yang-paling-sering-ditanyain-saat-wawancara-kerja,145_6MostCommonQuestions-01_featured
a-girl-is-not-meant-to-be-a-slave,A-Girl-Is-Not-Meant-To-Be-A-Slave_featured
a-mother-at-16,A-Mother-at-16_featured
ada-yang-bisa-kubantu,TheJobAroundTheCorner_feature
aku-harus-lebih-baik,YourWordsEntry3_featured
aku-ingin-jadi-ahli-botani,146_AhliBotani-01_featured
aku-kamu-adalah-saudara,AllGirlsAreSisters_featured
aku-kecewa-sama-kakak-ku,147_AkuKecewasamaKakakku_featured
aku-sempurna-dengan-caraku,541_ImPerfectInMyOwnWayYWCFebruary2017
akun-resmi-di-line-yang-wajib-kamu-follow,COOLLINEOATOFOLLOW_Feature
alone-and-suffering,Alone-And-Suffering_featured
always-be-the-best-to-your-bestie,Always-Be-The-Best-to-Your-Bestie_featured
anak-jalanan-adalah-kita,WaystoHelpStreetKids_featured
apa-sih-rahasianya-para-vlogger-kece-itu,520_bethevloggeryouwanttheworldtosee_header
apa-sih-suka-dukanya-dalam-bikin-usaha,133_Entrepreneurship10_featured
apa-yang-ada-di-otakmu,177_WhatsOnYourMind_featured
apa-yang-kita-bisa-pelajari-dari-wanita-sukses,WhatWeCanLearnFromSuccessfulWoman_featured
aplikasi-android-gratis-yang-berguna-untuk-hidupmu,Cover-01_featured
are-you-being-treated-badly,Are-You-Being-Treated-Badly_featured
are-you-in-a-bad-crowd,Are-You-In-A-Bad-Crowd_featured
are-you-ready-to-date,Are-You-Ready-to-Date_featured
are-you-struggling-to-find-direction,Are-You-Struggling-to-Find-Direction_featured
artis-perempuan-indonesia-dengan-segudang-prestasi,491_awesomeindonesiaactresses_header
assaults-shootingshappen-here,Assaults-Shootings..-Happen-Here_featured
aturan-5-detik-pada-makanan,533_the5secondrule
backpacking-keliling-indonesia-kamu-juga-bisa,153_backpacking_featured
bahan-bahan-baju-yang-cocok-dipake-di-indonesia,486_aguidetofreshsummerfabrics_header
bahayanya-jadi-perokok-pasif,531_secondhandsmokesucks
bake-it-til-you-make-it,Bake-it'-til-you-make-it_featured
balada-pelajaran-matematika,154_balada_mat-01_featured
band-keren-penyelamat-lingkungan,507_morethanjustaband_header
bangga-jadi-cewek-indonesia,155_BanggaJadiCeweIndonesia_featured
beauty-comes-in-all-colors,Beauty-Comes-in-All-Colors_featured
bela-dirimu-sendiri,BasicSelfDefenseTips_featured
belajar-buat-punya-opini-sendiri,Whyitsimportanttoformyourownopinions_featured
belajar-itu-nggak-terbatas-hanya-di-ruang-kelas,TheWorldisYourClassroom_featured
belajar-pd-senyum-pake-kawat,122_ToEmbraceYourself_featured
berhenti-main-nggak-menghentikan-angelique-widjaja-menjejak-lapangan-tenis,151_AngeliqueWidjaja_featured
berlatih-wushu-di-gunung-bersalju-bersama-sima-azimi,ProfileofSimatheWushuTeacherinKabul_Feature
bersuara-lewat-musik,SpeakingThroughMusic_featured
bikin-kolase-foto-unik-bareng-kakak-adikmu,156_BikinKolaseFotoUnikBarengKakakAdikmu3_featured
bikin-orang-lain-bahagia-mudah-kok,542_payitforward_header
bikin-sekolahmu-hijau-lagi,534_turningyourschoolgreen
bikin-teman-teman-kamu-lebih-perhatian-dengan-lingkungan,529_howtoconvinceyourfriendstobeenvironmentallyconscious
buat-dry-shampoo-mu-sendiri,495_dryshampoo_header
cara-belajar-terima-pujian,186_LearntoAcceptCompliments2-01_featured
cara-buat-cv-yang-menarik,172_HowToMakeAKickassCV_featured
cara-cara-menghormati-ibu-kartini,HowToHonorKartini'sLegacy_featured
cara-menjaga-kesegaran-tubuh-saat-kerja,160_CaraMenjagaKesegaranTubuhSaatKerja-01_featured
cintai-diri-sendiri-dan-hatersmu-sebuah-wawancara-dengan-amink,149_Amink_featured
cintailah-peninggalan-sejarah-indonesia,546_preservingindonesiasheritage_header
coding-untuk-masa-depan,526_codingforthefuture
dagangan-habis-terjual-uang-hasil-jualan-sebaiknya-diapain-ya,132_EntrepreneurSeries9_featured
dear-mr-president,Dear-Mr.-President_featured
defining-you,Defining-'You'batch-2_featured
do-you-feel-alone-in-the-world,Do-You-Feel-Alone-in-The-World_featured
do-you-have-dreams,Do-You-Have-Dreams_featured
do-you-want-friends,Do-You-Want-Friends_Featured
dua-dunia-talita-setyadi-musik-dan-masak,BestofBothTalitaSetyadisWorlds_featured
duh-sainganku-banyak-sekali,128_EntrepreneurSeries5_featured
entrepreneur-series-article-1,124_EntrepreneurSeries01_featured
entrepreneur-series-intro,135_EntrepreneurshipIntro_featured
entrepreneur-series-supplemental-article-a-introduction-to-entrepreneurship,136_EntrepreneurshipSupplementalIntro_featured
entrepreneur-series-supplemental-article-b1-money-makes-the-world-go-round-part-one,134_EntrepreneurSeries11_featured
entrepreneur-series-supplemental-article-c-the-risk-of-doing-what-you-love,137_EntrepreneurSupplemental-Theriskofdoingwhatyoulove_featured
film-yang-bikin-kamu-belajar-menghadapi-perubahan,Header_featured
four-things-you-need-to-know-about-your-parents,Four-Things-You-Need-to-Know-About-your-Parents_featured
gaya-rambut-untuk-hang-out-di-malam-minggu,5HairstyleIdeasForTheWeekend_featured
gaya-rambut-yang-sesuai-sama-bentuk-wajah-kamu,HaircutsThatSuitYourFace-shapeHeader_featured
getting-connected-irl,Getting-Connected-IRL_featured
getting-crafty,Getting-Crafty_featured
getting-to-the-art-of-the-matter,Getting-to-the-Art-of-the-Matter_featured
gimana-cara-supaya-usaha-aku-diketahui-banyak-orang,127_Entrepreneurship4_featured
gimana-kalau-dagangan-ku-kurang-laku,126_EntrepreneurSeries3_featured
going-nuts-over-peanuts,Going-Nuts-over-Peanuts_featured
growing-up-not-apart,Growing-Up-Not-Apart_featured
hal-hal-dasar-di-hidup-yang-perlu-cewek-kuasai,BasicLifeSkillsforTeenageGirls_featured
hal-hal-yang-aku-pelajari-dari-temanku-yang-berketurunan-tionghoa,ThingsILearnedfromMyChineseFriend_featured
hal-hal-yang-bisa-kamu-lakukan-biar-cv-kamu-makin-menarik,ThingsYouCanDotoMakeYourCVMoreImpressive_featured
hal-penting-yang-nggak-diajarin-di-sekolah,Things-You-Weren't-Taught-in-School_featured
harus-gimana-kalo-lagi-stress,00_Header_featured
have-you-started-mestruating-,Have-You-Started-Menstruating_featured
hobi-baru-buat-berakhir-pekan,00_Header_featured
how-do-you-say-no,How-Do-You-Say-No_featured
how-to-avoid-getting-sick,How-to-Avoid-getting-Sick_featured
how-to-have-fun-and-make-some-money-too-,How-to-Have-Fun-and-Make-Some-Money-Too_featured
i-am-chasing-my-future,I-Am-Chasing-My-Dream_featured
i-brought-light-to-my-village,I-Brought-Light-to-My-Whole-Village_featured
i-got-99-problems,I-Got-99-Problems_featured
i-have-big-dreams,I-Have-Big-Dreams-for-My-Future_featured
i-have-no-parents,I-Have-No-Parents_featured
i-was-a-popular-girl,I-Was-A-Popular-Girl_featured
i-was-shamed-at-school,I-Was-Shamed-at-School_featured
ide-dekorasi-buat-kalian-yang-berbagi-kamar,139_Shared-Room-Decoration-Idea_Feature
impianku,DisplayingYourWordsCompetitionDecember_MyDream_featured
ir-sri-woro-b-harijono-msc-ahli-meteorologi-perempuan-pertama-di-indonesia,527_firstfemalemeteorologist
iya-aku-nyontek-terus-sekarang-gimana,174_Icheatednowwhat_featured
jadi-nomer-1-di-kelas,Head-of-the-Class_featured
jadi-pendengar-yang-baik-yuk,ListeningIsCaring_featured
jadi-sehat-dan-bahagia,Be-Healthy-Be-Happy_featured
jalan-mana-yang-harus-aku-pilih,123_WhosepathshouldItake_featured
jerawat-lagi-lagi-jerawat,Acne-and-other-stories_featured
joanna-was-sold-for-money,Joanna-Was-Sold-For-Money_featured
junk-food-is-so-out,Junk-Food-is-So-Out_featured
kado-untuk-pita,KadountukPita_featured
kakak-dan-aku-ngerubah-rumah-jadi-spa-pribadi,189_bibirlebihhalus_featured
kakakku-idolaku-no1,138_KakakkuIdolakuNo.1header_featured
karir-yang-nggak-pernah-kalian-pikirkan-ahli-taksonomi-bambu-prof-elizabeth-anita-widjaja,162_UnexpectedCareerBambooTaxonomyExpertProf.ElizabethAnitaWidjaja_featured
karir-yang-nggak-pernah-kalian-pikirkan-ibu-soed-dan-480-lagu-anak-ciptaannya,162_UnexpectedCareerBambooTaxonomyExpertProf.ElizabethAnitaWidjaja_featured
keep-yourself-safe,Keep-Yourself-Safe_01_featured
keeping-the-kartini-spirit-alive,Keeping-the-Kartini-Spirit-Alive_featured
kenali-pemadam-kebakaran,Soyouwannabeafirefighter_featured
kenapa-ya-banyak-orang-gagal-usahanya,131_EntrepreneurSeries8_featured
kerajinan-tangan-dari-cd-bekas,552_diyproject_header
keselamatanmu-itu-nomer-satu,PrioritizeYourSafety_featured
komunitas-di-indonesia-yang-isinya-cewek-semua,00_header_featured
kue-membawa-keceriaan,183_Light-heartedCookies_featured
kulit-lebih-sehat-dengan-4-cara-mudah,167_Alwayswearsunblock_featured
kunci-sukses-usaha,129_EntrepreneurSeries6-keytosuccess_featured
lika-liku-hijab-di-indonesia-semasa-ibuku-remaja,StruggleToWearHijabOnMyMomsTeenageDays_featured
makan-ini-jangan-itu,00_Header_featured
make-your-community-safe,Make-Your-Community-Safe_featured
mantra-penegasan-diri-hanya-untuk-kamu,Self-Affirmation-Mantras-Just-For-You_featured
membesarkan-mereka-membesarkan-saya,RaisingSiblings-1720
mengamati-kepribadian-seseorang-itu-menyenangkan,539_ObservingSomeoneElsesPersonalityisFunYWCFebruary2017
mengenal-ibm-indonesia,528_headofibmindonesia
menulis-diary-itu-menyenangkan,HowtoKeepADailyJournal_Feature
merasa-tertekan-buat-ngurusin-badan,163_FeelPressuredtoLoseWeight_featured
merayakan-hari-braille-dunia-bersama-siti-masyita,CelebratingWorldBrailleDaywithSitiMasyita_featured
merayakan-ibu-super-di-hari-ibu,152_AyaSyafril_featured
minum-ini-jangan-itu,DrinkThisNotThat_00_Header_featured
my-best-friend-is-sick,My-Best-Friend-is-Sick_featured
my-life-without-direction,My-Life-Without-Direction_featured
my-skins-gone-crazy,My-Skin's-Gone-Crazy_featured
nabung-untuk-sesuatu-yang-berarti,Tricks-to-Succeed-Saving-in-a-Rush_featured
newsflash-normal-is-boring,NEWSFLASH-Normal-is-Boring_featured
ngobrol-bareng-fatriana-dari-balletcats,ConversationwithTheBalletcatsFatrianaZukhra_thumbnail
ngobrolin-atlet-legendaris-susi-susanti,MeettheLegendaryAthleteSusiSusanti_featured
ngobrolin-soal-kerja-sosial-media-olahraga-sama-finna-yudharisman,164_ChattingWithFinnaAboutWorkSocialMediaAndExercise_featured
no-means-no,No-Means-No_featured
nomor-telepon-yang-wajib-ada-di-speed-dial-mu,WhoYouGonnaCall?SpeedDialtoTheRescue_Feature
numbuh-bulu-di-ketiak-siapa-takut,IHaveHairWHERE?_Feature
oops-dagangan-kita-ada-yang-rusak,130_EntrepreneurSeries7_featured
pahlawan-anti-gravitasi,YWC_May01_Feature
part-1-aku-memiliki-kecantikanku-sendiri,182_IHaveMyOwnBeauty_featured
part-1-sahabatku-hamil-dan-berhenti-sekolah,171_MyBestFriendIsPregnantPart1-3_featured
part-1-teman-dari-sebuah-keberanian,TemandarisebuahKeberanian_Feature
part-2-aku-memiliki-kecantikan-ku-sendiri,182_IHaveMyOwnBeauty_featured
part-2-sahabatku-hamil-dan-berhenti-sekolah,171_MyBestFriendIsPregnantPart1-3_featured
part-3-sahabatku-hamil-dan-berhenti-sekolah,171_MyBestFriendIsPregnantPart1-3_featured
pencari-harta-karun-laut-yosmina-tapilatu,537_yosminatapilatu
periodically-in-pain,Periodically-in-Pain_featured
pesan-tersembunyi-dari-film-animasi-kesukaanmu,516_thereisahiddenmessageinyourfavoritemovies_header
pintu-matematika-sudah-kuketuk,YourWordsCompetitionDecember_MathematicsDown!_featured
playlist-untuk-menemani-keseharian-kalian,532_soundtrackofourlives
pohon-dan-lingkungan,TreesAndTheEnvironment_featured
produk-kecantikan-lokal-yang-ramah-lingkungan,498_ecofriendlylocalbeautyproducts_header
profesi-masa-depan-vertical-gardener,VerticalGardenerCanBeYourFutureJob_featured
punahnya-burung-burung-indonesia,503_extinctbirds_header
ranking-naik,YourWordsCompetitionDecember_RankingNaik_featured
relationship-goals-aku-dan-ibu,RelationshipGoalsMeandMom_featured
resolusi-untuk-forum-anak,YourWordsEntry1_featured
saatnya-buat-puasa-dari-sosial-media,TIMEFORASOCIALMEDIADETOX_featured
sarinah-siapakah-dia,535_whoissarinah
say-something-or-die-trying,SaySomethingorDieTrying_featured
scared-and-stuck-at-home,Scared-and-Stuck-at-Home_featured
science-vs-humanities,Science-vs.-Humanities_featured
secret-my-life,538_SecretofMyLifeYWCFebruary2017
sedikit-tentang-sri-mulyani,About-Sri-Mulyani_featured
sedikit-tentang-susi-pudjiastuti,About-Susi_featured
segala-hal-yang-kamu-perlu-tau-tentang-universitas,University-Education_featured
semua-yang-kamu-perlu-tau-tentang-pmi,Palang-Merah_Feature
serunya-memiliki-kakak-adik-yang-semuanya-perempuan,148_all-girl-family_featured
sulap-lingkunganmu-jadi-lebih-nyaman,MakingChangestoYourCommunity_featured
sumber-lain-untuk-belajar-selain-sekolah,OtherSourceToLearn_featured
suuuit-neng-mau-kemana-dan-problema-lainnya,GirlsAgainstCatcalling_Feature
syok-pindah-ke-jakarta,161_Culture-Shock!MovingtoJakarta_featured
take-a-look-in-the-mirror,Take-a-Look-in-The-Mirror_featured
tamasya-keliling-kota-itu-baru-nggak-biasa,4WaystoRevealHiddenGemsinYourCity_featured
teman-masa-kecil-adalah-teman-yang-terbaik,165_FriendsforLife-01_featured
the-girls-declaration,Girl-Declaration_featured
the-problem-with-dandruff,The-Problem-With-Dandruff_featured
the-value-of-money,The-Value-of-Money_featured
things-kept-getting-worse,Life-Kept-Getting-Worse_featured
those-boys-on-the-corner,Those-Boys-on-The-Corner_featured
tidak-sebahagia-kalian,540_NotasHappyastheOthersYWCFebruary2017
tik-tok-tik-tok-aduh-kenapa-jam-biologisku-kacau-banget-ya,121-Ticktock.Ticktock_featured
tips-belanja-sepatu-agar-nyaman-dipakai,00_Header_Shoe_featured
tips-berpacaran-ala-girl-effect,162_Dating101-ABeginnersGuidetoRomance_featured
tips-biar-gak-telat-ke-sekolah,00_Header_featured
tips-menjaga-diri-untuk-yang-tinggal-jauh-dari-keluarga,173_HowtoSurviveWhenYoureFarAwayfromHome_featured
tips-tidur-nyenyak-sampai-pagi,HowToGetAgoodNightsSleepCover_featured
trik-makeup-natural-yang-mesti-kalian-coba,NoMakeupMakeupLook-Header_featured
tunjukkan-cinta-untuk-para-perawat,International-Nurses-Day_Feature
wah-gawat-rumahku-kebanjiran,525_banjir
what-is-happening-in-my-belly,What-is-Happening-in-My-Belly_featured
what-is-netiquette,What-is-Netiquette_featured
what-is-puberty,What-Is-Puberty_featured
when-girls-speak-out,When-Girls-Speak-Out_featured
why-study-so-hard,Why-Study-Hard_featured
womens-march-jakarta-2017-apa-yang-terjadi,536_womanmarch
yang-kamu-mesti-lakuin-saat-merasa-gak-aman,Safe-People-&-Places--Where-to-Turn-If-You-Feel-Unsafe_Feature
your-hobby-can-be-your-future,Your-Hobby-Can-be-Your-Future_featured
yourwords-entry-anak-mageran-pergi-ke-keraton,150_AnakMageranPergikeKeraton_featured
yourwords-entry-keranjang-uang,180_keranjang_uang_480_featured