500-girls-shared-their-dreams,
a-girl-is-not-meant-to-be-the-slave,03_girlconfidence_feature_ AGirlIsNotMeantToBeASlave
a-mother-at-16,
alone-and-suffering,21_girlpack_friendship_Alone and suffering
are-you-a-super-saver,16_girlsavingmoney_feature_Are you a super saver
are-you-a-super-saver-your-answers,16_girlsavingmoney_feature_Are you a super saver
are-you-being-treated-badly,04_girlconfused_4_feature_AreYouBeingTreatedBadly
are-you-in-a-bad-crowd,21_girlpack_feature_Are you in a bad crowd
are-you-struggling-to-find-direction,03_girlconfused_feature_AreYouStrugglingToFindDirection_
are-your-friends-bad-for-you,21_girlpack_feature_Are your friends bad for you_
assaults-shootings-happen-here,04_girlsafetydanger_feature_AssaultsShootingsHappenHere
be-the-best-to-your-bestie,21_girlpack_friendship_feature_BeTheBestToYourBestie
beat-the-stress,03_girlconfused_feature_BeatTheStress.jpg
cant-find-work,19_girlwork_feature_Cant find work_
create-the-perfect-password,14_girlmobile_feature_Create the perfect password
dear-mr-president,03_girlconfidence_feature_Dear Mr President
do-you-feel-alone-in-the-world,03_girlconfused_feature_DoYouFeelAloneInTheWorld_
do-you-have-dreams,10_girlcreative_feature_Doyouhavedreams_
do-you-know-the-truth-about-drugs-and-alcohol,
do-you-know-the-truth-about-drugs-and-alcohol-your-answers,
do-you-want-friends,03_girlconfidence_feature_DoYou WantFriends_
dos-donts-to-send-pimples-packing,
easy-tricks-to-save,18_money_feature_EasyTricksToSave
eek-i-dont-want-my-boss-on-my-facebook,13_girlmobile_feature_Eek I dont want my boss on my Facebook
food-for-lots-of-thought,05_healthyeating_3_feature_Food for lots of thought
get-a-great-career,19_girlwork_feature_Getagreatcareer
get-ahead-in-life-find-a-mentor,20_girlcareer_feature_Get ahead in life_find a mentor
get-moving-be-happy,05_healthyeating_feature_Getmovingbehappy
girls-are-learning-around-the-world,
girls-can-do-that,
girls-were-stronger-together,01_happygirls_2_feature_GirlsWereStrongerTogether
go-girl-how-to-be-strong-and-powerful,03_girlconfidence_feature_Go_girl_HowToBeStrongAndPowerful
have-a-happy-period,27_puberty_Have a happy period
have-you-started-menstruating,27_periods_feature_HaveYouStartedMenstruating_
healthy-at-home,05_healthyeating_5_feature_Healthy at home
healthy-food-rulz,05_healthyeating_feature_Healthyfoodrulz
help-my-facebook-was-hacked,
hey-you-natural-beauty,21_girlpack_feature_Beauty comes in all colors
how-do-i-stop-facebook-bullies,13_girlmobile_feature_How do I stop Facebook bullies_
how-do-you-say-no,03_girlconfidence_1_feature_HowDoYouSayNO
how-healthy-are-you,06_exercise_2_feature_HowHealthyAreYou-
how-healthy-are-you-your-answers,06_exercise_2_feature_HowHealthyAreYou-
how-to-avoid-getting-sick,07_hygiene_01_feature_Howtoavoidgettingsick
how-to-make-money-and-have-fun-too,19_girlswork_feature_How to make money and have fun too
how-to-save-with-a-friend,16_money_feature_HowtoSaveWithAFriend
i-am-chasing-my-dreams,02_stronggirls_feature_I am chasing my dreams
i-brought-light-to-my-whole-village,
i-have-big-dreams-for-my-future,03_girlconfidence_feature_IHaveBigDreamsForMyFuture
i-have-no-parents,
i-was-a-popular-girl,21_girlpackfriendship_feature_I was a popular girl
i-was-shamed-at-school,27_periods_feature_IWasShamedAtSchool
joanna-was-sold-for-money,04_girlsafetyabuse_feature_JoannaWasSoldForMoney
keep-yourself-safe,
life-kept-getting-worse,04_girlconfused_3_feature_LifeKeptGettingWorse
look-in-the-mirror,
make-great-friendships-in-the-real-world,21_girlpackfriendship_feature_ MakeGreatFriendshipsInTheRealWorld
make-your-community-safe,
my-best-friend-is-sick,04_girlconfused_feature_My best friend is sick
my-life-had-no-direction,03_girlconfused_feature_MyLifeHadNoDirection
my-mentor-changed-my-life,20_girlcareer_feature_My mentor changed my life
my-skins-gone-crazy,
portias-story-an-old-family-remedy-helped-me-start-a-business,17_money feature_PortiasStoryAnOldFamilyRemedyHelpedMeStartABusiness
raise-your-hand,09_girlschool_question_feature_Raiseyourhand
ready-set-learn,10_girlcreative_feature_Readysetlearn
scared-and-stuck-at-home,19_girlwork_Scared and stuck at home
should-i-meet-someone-i-met-online,14_girlmobiledanger_Feature_Should I meet someone I met online
spam-scams-viruses-what-are-they,"14_girlmobiledanger_feature_Spam, Scams Viruses What are they"
start-a-business-with-little-or-no-cash,18_money_feature_Start a business with little or no cash
staying-safe-online,13_girlmobile_2_feature_StayingSafeOnline
the-girl-declaration,
these-10-tips-help-girls,01_happygirls_feature_These10tipshelpgirls
those-boys-on-the-corner,
three-important-things-you-wont-learn-at-school,12_girlreading_feature_ThreeImportantThingsYouWontLearnAtSchool
tips-to-rock-your-resume,
too-many-selfies-yes-or-no,13_girlmobile_feature_Too many selfiesYes or No
we-make-the-world-better,
what-is-puberty,
whats-happening-to-my-body,
whats-the-best-job-for-you,19_girlcareer_feature_Whats the best job for you
when-girls-speak-out,03_girlconfidence_2_feature_WhenGirlsSpeakOut
why-should-i-save,16_girlsavingmoney_feature_Why should I save
why-study-hard,12_girlreading_feature_Whystudyhard_
write-a-good-resume,19_girlwork_Write a good resume
you-can-be-great-with-money,18_money_feature_You can be great with money
you-have-a-right-to-learn,09_girlschool_question_feature_YouHaveARightToLearn
your-guide-to-saving,16_money_feature_Yourguidetosaving
your-hobby-can-be-your-future,20_girlcareer_feature_Your hobby can be your future
5-natural-and-cheap-beauty-products-your-kitchen,
acne-and-other-stories,25_pimples_feature_AcneAndOtherStories
addiction-and-friendship,21_girlpack_friendship_Addiction _ Friendship
are-you-ready-date,20_couple_apart_featur_Areyoureadytodate
be-healthy-be-happy,06excercise_feature_BeHealthyBeHappy
beauty-comes-all-colors,21_girlpack_feature_Beauty comes in all colors
blood-thicker-water,
defining-you,03_girlconfused_feature_DefiningYouItGetsBetter
depression-sucks,04_girlconfused_2_feature_DepressionSucks
dress-kill,
finish-what-you-start-harder-better-and-faster-way,01_happygirl_feature_Finish what you start_the harder better and faster
four-things-you-need-know-about-your-parents,
getting-connected-irl,23_girlsboys_feature_GettingConnectedIRL
getting-crafty,10_girlcreative_feature_Gettingcrafty
getting-art-matter,10_girlcreative_feature_Gettingtotheartofthematter
going-nuts-over-peanuts,05_healthyeating_2_feature_GoingNutsOverPeanuts
growing-not-apart,21_girlpack_friendship3_feature_GrowingUpNotApart
head-class,09_girlschool_question_feature_Headofclass
how-interview-boss,
it-gets-better,01_happygirl_feature_It gets better
its-not-you-its-me,
junk-food-so-out,05_healthyeating_feature_JunkFoodIsSoOut
making-my-own-money,18_money_feature_Making my own money
newsflash-normal-boring,01_happygirl_feature_NEWSFLASH_ Normal_is_boring
periodically-pain,27_puberty_feature_periodically in pain
relationship-goals-me-and-mom,22_family_feature_RelationshipGoalsMeAndMom
say-something-or-die-trying,02_stronggirls_feature_I am chasing my dreams
show-me-money,18_money_feature_Show me the money
stay-safe-down-there,07_hygiene_feature_Staysafedownthere
art-letting-go,
birds-and-bees,
problem-dandruff,
things-you-werent-taught-school,
tick-tock-tick-tock-why-my-biological-clock-so-messed,05_healthyeating_TickTockTickTockWhyIsMyBiologicalClockSoMessedUp
what-netiquette,13_girlmobile_feature_WhatIsNetiquette
whose-path-should-i-take,20_girlcareer_feature_Whose path should I take